transaction_date,transaction_count,total_transaction_value_inr,avg_transaction_value_inr,failed_transactions,unique_customers,failure_rate_pct,anomaly_flag,anomaly_score
2024-01-01,316,819534.1,2593.46,7,316,2.2151898734177213,0,-0.05
2024-01-02,344,1031096.73,2997.37,11,344,3.197674418604651,0,-0.18
2024-01-03,298,1054116.81,3537.3,11,298,3.6912751677852347,0,-0.21
2024-01-04,277,845326.85,3051.72,7,277,2.527075812274368,0,-0.13
2024-01-05,358,1142859.03,3192.34,8,358,2.2346368715083798,0,-0.18
2024-01-06,258,820340.38,3179.61,10,258,3.875968992248062,0,-0.15
2024-01-07,219,685893.25,3131.93,4,219,1.82648401826484,0,-0.04
2024-01-08,323,990630.87,3066.97,17,323,5.2631578947368425,0,-0.14
2024-01-09,327,1137232.39,3477.77,9,327,2.7522935779816513,0,-0.21
2024-01-10,335,1171590.09,3497.28,14,335,4.17910447761194,0,-0.22
2024-01-11,312,995130.95,3189.52,10,312,3.2051282051282053,0,-0.2
2024-01-12,367,1254085.49,3417.13,16,367,4.359673024523161,0,-0.21
2024-01-13,254,857516.13,3376.05,12,254,4.724409448818897,0,-0.14
2024-01-14,215,657379.4,3057.58,6,215,2.7906976744186047,0,-0.06
2024-01-15,334,948485.3,2839.78,15,334,4.491017964071856,0,-0.14
2024-01-16,335,1120129.35,3343.67,10,335,2.985074626865672,0,-0.22
2024-01-17,319,1029626.42,3227.67,8,319,2.5078369905956115,0,-0.19
2024-01-18,297,910477.8,3065.58,8,297,2.6936026936026938,0,-0.16
2024-01-19,348,1076362.76,3093.0,17,348,4.885057471264368,0,-0.16
2024-01-20,278,747774.52,2689.84,8,278,2.8776978417266186,0,-0.07
2024-01-21,237,785498.58,3314.34,4,237,1.6877637130801688,0,-0.08
2024-01-22,315,947187.48,3006.94,10,315,3.1746031746031744,0,-0.18
2024-01-23,316,1111968.25,3518.89,7,316,2.2151898734177213,0,-0.19
2024-01-24,312,966530.4,3097.85,13,312,4.166666666666667,0,-0.19
2024-01-25,308,935792.19,3038.29,9,308,2.9220779220779223,0,-0.18
2024-01-26,337,1139031.63,3379.92,10,336,2.9673590504451037,0,-0.22
2024-01-27,273,937167.03,3432.85,14,273,5.128205128205129,0,-0.15
2024-01-28,249,773888.94,3107.99,6,248,2.4096385542168677,0,-0.12
2024-01-29,321,877167.93,2732.61,11,321,3.426791277258567,0,-0.12
2024-01-30,300,1014167.97,3380.56,11,300,3.6666666666666665,0,-0.21
2024-01-31,288,990725.1,3440.02,11,288,3.8194444444444446,0,-0.21
2024-02-01,321,1205057.07,3754.07,15,321,4.672897196261682,0,-0.2
2024-02-02,350,1097522.86,3135.78,14,350,4.0,0,-0.2
2024-02-03,275,899542.99,3271.07,6,275,2.1818181818181817,0,-0.16
2024-02-04,230,981870.07,4269.0,9,230,3.9130434782608696,0,-0.09
2024-02-05,333,1053800.42,3164.57,10,333,3.003003003003003,0,-0.21
2024-02-06,291,1104038.04,3793.95,11,291,3.7800687285223367,0,-0.2
2024-02-07,328,1131754.16,3450.47,10,327,3.048780487804878,0,-0.22
2024-02-08,335,1203329.59,3592.03,10,335,2.985074626865672,0,-0.22
2024-02-09,338,1238091.95,3662.99,14,338,4.1420118343195265,0,-0.22
2024-02-10,291,983618.99,3380.13,13,290,4.4673539518900345,0,-0.19
2024-02-11,221,756056.73,3421.07,10,221,4.524886877828054,0,-0.09
2024-02-12,331,1097414.86,3315.45,9,331,2.719033232628399,0,-0.21
2024-02-13,343,1077863.8,3142.46,13,343,3.7900874635568513,0,-0.21
2024-02-14,330,1105359.93,3349.58,11,330,3.3333333333333335,0,-0.22
2024-02-15,331,1024918.68,3096.43,7,331,2.1148036253776437,0,-0.16
2024-02-16,359,1170047.22,3259.18,11,359,3.064066852367688,0,-0.21
2024-02-17,263,948333.73,3605.83,9,263,3.4220532319391634,0,-0.18
2024-02-18,236,794608.46,3366.98,10,236,4.237288135593221,0,-0.13
2024-02-19,305,961426.61,3152.22,12,305,3.9344262295081966,0,-0.19
2024-02-20,326,1015342.11,3114.55,15,326,4.601226993865031,0,-0.18
2024-02-21,350,1326598.43,3790.28,12,350,3.4285714285714284,0,-0.21
2024-02-22,316,1007617.34,3188.66,9,316,2.848101265822785,0,-0.2
2024-02-23,351,1346047.48,3834.89,17,351,4.843304843304844,0,-0.18
2024-02-24,239,839916.81,3514.3,11,239,4.602510460251046,0,-0.13
2024-02-25,236,793553.7,3362.52,6,236,2.542372881355932,0,-0.12
2024-02-26,331,1128596.01,3409.66,7,331,2.1148036253776437,0,-0.19
2024-02-27,309,1006528.76,3257.37,6,309,1.941747572815534,0,-0.16
2024-02-28,320,1191085.25,3722.14,15,320,4.6875,0,-0.2
2024-02-29,352,1282241.61,3642.73,10,352,2.840909090909091,0,-0.21
2024-03-01,355,1201030.79,3383.19,6,355,1.6901408450704225,0,-0.16
2024-03-02,276,1016817.82,3684.12,12,276,4.3478260869565215,0,-0.18
2024-03-03,244,767901.08,3147.14,11,244,4.508196721311475,0,-0.12
2024-03-04,343,1191692.25,3474.32,4,343,1.1661807580174928,0,-0.1
2024-03-05,352,1152584.56,3274.39,10,352,2.840909090909091,0,-0.21
2024-03-06,312,990811.52,3175.68,8,312,2.5641025641025643,0,-0.19
2024-03-07,343,1060728.33,3092.5,10,343,2.9154518950437316,0,-0.2
2024-03-08,397,1503946.06,3788.28,18,397,4.534005037783375,0,-0.17
2024-03-09,268,1034730.04,3860.93,11,268,4.104477611940299,0,-0.18
2024-03-10,267,1037101.93,3884.28,8,267,2.9962546816479403,0,-0.18
2024-03-11,285,1082963.41,3799.87,6,285,2.1052631578947367,0,-0.16
2024-03-12,336,1064816.87,3169.1,11,336,3.2738095238095237,0,-0.21
2024-03-13,346,1191177.58,3442.71,13,346,3.7572254335260116,0,-0.22
2024-03-14,316,1282178.29,4057.53,8,316,2.5316455696202533,0,-0.17
2024-03-15,362,1102660.87,3046.02,13,362,3.591160220994475,0,-0.19
2024-03-16,242,875823.37,3619.1,7,242,2.8925619834710745,0,-0.14
2024-03-17,225,761937.48,3386.39,5,225,2.2222222222222223,0,-0.1
2024-03-18,349,1299108.0,3722.37,19,349,5.444126074498567,0,-0.15
2024-03-19,304,971338.7,3195.19,19,304,6.25,0,-0.07
2024-03-20,344,1156400.32,3361.63,12,344,3.488372093023256,0,-0.22
2024-03-21,316,1197546.12,3789.7,11,316,3.481012658227848,0,-0.21
2024-03-22,331,1145773.17,3461.55,15,331,4.531722054380665,0,-0.21
2024-03-23,255,880519.15,3453.02,9,255,3.5294117647058822,0,-0.17
2024-03-24,246,776024.73,3154.57,8,246,3.252032520325203,0,-0.14
2024-03-25,330,1150383.61,3486.01,16,330,4.848484848484849,0,-0.2
2024-03-26,328,1111016.68,3387.25,13,328,3.9634146341463414,0,-0.22
2024-03-27,338,1300123.6,3846.52,18,338,5.325443786982248,0,-0.15
2024-03-28,672,1562723.99,2325.48,22,672,3.2738095238095237,1,0.09
2024-03-29,587,4658700.73,7936.46,19,586,3.2367972742759794,1,0.17
2024-03-30,264,898512.84,3403.46,11,264,4.166666666666667,0,-0.17
2024-03-31,238,969147.05,4072.05,16,238,6.722689075630252,1,0.0
2024-04-01,374,1277589.76,3416.02,12,374,3.2085561497326203,0,-0.21
2024-04-02,609,1232296.73,2023.48,20,609,3.284072249589491,1,0.04
2024-04-03,324,1188544.1,3668.35,8,324,2.4691358024691357,0,-0.2
2024-04-04,301,1087064.15,3611.51,10,300,3.3222591362126246,0,-0.21
2024-04-05,350,1128857.5,3225.31,12,350,3.4285714285714284,0,-0.21
2024-04-06,274,1047803.1,3824.1,6,274,2.18978102189781,0,-0.16
2024-04-07,254,887551.31,3494.3,4,254,1.5748031496062993,0,-0.09
2024-04-08,347,1246854.27,3593.24,13,347,3.7463976945244957,0,-0.22
2024-04-09,298,1151442.99,3863.9,10,298,3.3557046979865772,0,-0.2
2024-04-10,338,1169311.56,3459.5,13,338,3.8461538461538463,0,-0.22
2024-04-11,329,993558.1,3019.93,17,329,5.167173252279635,0,-0.14
2024-04-12,379,1233690.65,3255.12,8,379,2.1108179419525066,0,-0.17
2024-04-13,265,910016.06,3434.02,13,265,4.90566037735849,0,-0.16
2024-04-14,236,831801.32,3524.58,8,236,3.389830508474576,0,-0.14
2024-04-15,354,1159567.02,3275.61,17,353,4.80225988700565,0,-0.19
2024-04-16,311,1053668.64,3388.0,10,311,3.215434083601286,0,-0.21
2024-04-17,335,1194547.74,3565.81,10,335,2.985074626865672,0,-0.22
2024-04-18,301,1091347.07,3625.74,10,301,3.3222591362126246,0,-0.21
2024-04-19,361,1220270.36,3380.25,11,361,3.0470914127423825,0,-0.22
2024-04-20,287,1161957.25,4048.63,11,287,3.832752613240418,0,-0.18
2024-04-21,222,832622.37,3750.55,8,222,3.6036036036036037,0,-0.1
2024-04-22,310,991367.84,3197.96,7,310,2.2580645161290325,0,-0.18
2024-04-23,306,1092331.22,3569.71,15,306,4.901960784313726,0,-0.18
2024-04-24,327,1032436.1,3157.3,13,327,3.9755351681957185,0,-0.2
2024-04-25,323,1090624.0,3376.54,11,323,3.4055727554179565,0,-0.22
2024-04-26,356,1276258.65,3585.0,16,356,4.49438202247191,0,-0.21
2024-04-27,290,1050298.72,3621.72,9,290,3.103448275862069,0,-0.2
2024-04-28,224,733213.84,3273.28,7,224,3.125,0,-0.1
2024-04-29,318,1042063.91,3276.93,7,318,2.20125786163522,0,-0.18
2024-04-30,321,1233706.03,3843.32,11,321,3.426791277258567,0,-0.21
2024-05-01,316,1096636.32,3470.37,16,316,5.063291139240507,0,-0.18
2024-05-02,302,1095802.21,3628.48,9,302,2.980132450331126,0,-0.21
2024-05-03,328,1103001.6,3362.81,11,328,3.3536585365853657,0,-0.22
2024-05-04,287,1011890.54,3525.75,11,287,3.832752613240418,0,-0.2
2024-05-05,246,867412.78,3526.07,13,246,5.284552845528455,0,-0.1
2024-05-06,309,1201030.56,3886.83,5,309,1.6181229773462784,0,-0.12
2024-05-07,327,1267749.21,3876.91,13,327,3.9755351681957185,0,-0.21
2024-05-08,321,1121028.17,3492.3,8,321,2.4922118380062304,0,-0.2
2024-05-09,337,1243303.74,3689.33,16,337,4.747774480712166,0,-0.2
2024-05-10,334,1155826.81,3460.56,16,333,4.790419161676646,0,-0.2
2024-05-11,267,864391.63,3237.42,6,267,2.247191011235955,0,-0.14
2024-05-12,234,754521.56,3224.45,13,234,5.555555555555555,0,-0.06
2024-05-13,323,1143703.53,3540.88,13,323,4.024767801857585,0,-0.22
2024-05-14,337,1318358.85,3912.04,14,337,4.154302670623146,0,-0.2
2024-05-15,323,1127235.1,3489.89,16,323,4.953560371517028,0,-0.19
2024-05-16,332,1258965.48,3792.06,12,332,3.6144578313253013,0,-0.21
2024-05-17,366,1246616.17,3406.06,10,366,2.73224043715847,0,-0.21
2024-05-18,273,883085.82,3234.75,17,273,6.227106227106227,0,-0.06
2024-05-19,231,724403.48,3135.95,6,231,2.5974025974025974,0,-0.1
2024-05-20,316,1197359.96,3789.11,11,316,3.481012658227848,0,-0.21
2024-05-21,350,1240509.09,3544.31,4,349,1.1428571428571428,0,-0.1
2024-05-22,330,1101576.52,3338.11,6,329,1.8181818181818181,0,-0.16
2024-05-23,343,1246259.75,3633.41,10,343,2.9154518950437316,0,-0.22
2024-05-24,395,1229943.02,3113.78,10,395,2.5316455696202533,0,-0.16
2024-05-25,276,976653.75,3538.6,18,276,6.521739130434782,0,-0.06
2024-05-26,229,778495.95,3399.55,9,229,3.930131004366812,0,-0.12
2024-05-27,305,901982.36,2957.32,11,305,3.6065573770491803,0,-0.16
2024-05-28,308,1099617.22,3570.19,6,308,1.948051948051948,0,-0.17
2024-05-29,328,1147725.27,3499.16,13,328,3.9634146341463414,0,-0.22
2024-05-30,332,1107864.65,3336.94,9,332,2.710843373493976,0,-0.21
2024-05-31,377,1424497.62,3778.51,13,377,3.4482758620689653,0,-0.2
2024-06-01,277,990364.48,3575.32,13,277,4.693140794223827,0,-0.18
2024-06-02,220,644990.95,2931.78,8,220,3.6363636363636362,0,-0.06
2024-06-03,304,1081327.52,3557.0,13,304,4.276315789473684,0,-0.21
2024-06-04,324,1035474.29,3195.91,15,324,4.62962962962963,0,-0.19
2024-06-05,334,1061184.88,3177.2,11,334,3.2934131736526946,0,-0.21
2024-06-06,359,1164324.19,3243.24,14,359,3.8997214484679668,0,-0.21
2024-06-07,346,1145984.57,3312.09,17,346,4.913294797687861,0,-0.18
2024-06-08,263,903099.62,3433.84,10,263,3.802281368821293,0,-0.18
2024-06-09,239,708250.79,2963.39,5,239,2.092050209205021,0,-0.06
2024-06-10,347,1266649.7,3650.29,17,347,4.899135446685879,0,-0.19
2024-06-11,364,1237313.72,3399.21,15,364,4.1208791208791204,0,-0.22
2024-06-12,324,1099488.36,3393.48,13,324,4.012345679012346,0,-0.22
2024-06-13,636,1156242.02,1817.99,23,636,3.6163522012578615,1,0.07
2024-06-14,382,1408595.11,3687.42,13,382,3.4031413612565444,0,-0.2
2024-06-15,251,903013.98,3597.67,10,251,3.9840637450199203,0,-0.16
2024-06-16,251,765367.58,3049.27,6,251,2.3904382470119523,0,-0.12
2024-06-17,333,1296645.67,3893.83,17,333,5.105105105105105,0,-0.16
2024-06-18,318,960874.39,3021.62,12,318,3.7735849056603774,0,-0.18
2024-06-19,323,1110484.5,3438.03,11,323,3.4055727554179565,0,-0.22
2024-06-20,363,1119851.09,3084.99,12,363,3.3057851239669422,0,-0.19
2024-06-21,386,1319508.59,3418.42,15,386,3.8860103626943006,0,-0.21
2024-06-22,292,1144588.37,3919.82,12,292,4.109589041095891,0,-0.19
2024-06-23,249,832507.64,3343.4,15,249,6.024096385542169,0,-0.06
2024-06-24,363,1339959.24,3691.35,17,363,4.683195592286501,0,-0.2
2024-06-25,315,1144147.17,3632.21,10,315,3.1746031746031744,0,-0.22
2024-06-26,342,1075681.22,3145.27,9,342,2.6315789473684212,0,-0.19
2024-06-27,362,1301394.65,3595.01,15,361,4.143646408839779,0,-0.21
2024-06-28,308,1031162.11,3347.93,14,308,4.545454545454546,0,-0.19
2024-06-29,237,719968.17,3037.84,2,237,0.8438818565400844,0,-0.0
2024-06-30,258,772438.56,2993.95,8,258,3.10077519379845,0,-0.13
2024-07-01,358,1116804.96,3119.57,11,358,3.0726256983240225,0,-0.2
2024-07-02,345,1238595.08,3590.13,12,344,3.4782608695652173,0,-0.22
2024-07-03,347,1053471.16,3035.94,12,347,3.4582132564841497,0,-0.19
2024-07-04,316,1009471.44,3194.53,9,316,2.848101265822785,0,-0.2
2024-07-05,361,1223196.59,3388.36,19,361,5.2631578947368425,0,-0.16
2024-07-06,280,910974.55,3253.48,10,280,3.5714285714285716,0,-0.19
2024-07-07,225,822546.59,3655.76,5,225,2.2222222222222223,0,-0.09
2024-07-08,318,1082959.37,3405.53,10,318,3.1446540880503147,0,-0.22
2024-07-09,336,1114126.46,3315.85,11,336,3.2738095238095237,0,-0.22
2024-07-10,333,1060950.37,3186.04,10,333,3.003003003003003,0,-0.21
2024-07-11,359,1227605.88,3419.51,11,359,3.064066852367688,0,-0.22
2024-07-12,341,1137742.48,3336.49,10,340,2.932551319648094,0,-0.21
2024-07-13,272,879633.68,3233.95,9,272,3.3088235294117645,0,-0.17
2024-07-14,250,723851.21,2895.4,7,250,2.8,0,-0.1
2024-07-15,326,1238933.4,3800.41,10,326,3.067484662576687,0,-0.21
2024-07-16,342,1283034.2,3751.56,11,342,3.216374269005848,0,-0.22
2024-07-17,365,1098422.68,3009.38,9,365,2.4657534246575343,0,-0.16
2024-07-18,334,1022750.39,3062.13,12,334,3.592814371257485,0,-0.19
2024-07-19,361,975459.02,2702.1,8,361,2.21606648199446,0,-0.09
2024-07-20,254,939559.5,3699.05,8,254,3.1496062992125986,0,-0.17
2024-07-21,235,643277.07,2737.35,10,235,4.25531914893617,0,-0.04
2024-07-22,343,1040588.67,3033.79,9,343,2.623906705539359,0,-0.17
2024-07-23,327,1012697.14,3096.93,8,327,2.4464831804281344,0,-0.18
2024-07-24,312,1183265.29,3792.52,10,312,3.2051282051282053,0,-0.21
2024-07-25,325,962063.23,2960.19,12,325,3.6923076923076925,0,-0.18
2024-07-26,358,1201826.93,3357.06,12,357,3.35195530726257,0,-0.22
2024-07-27,261,818952.63,3137.75,8,261,3.0651340996168583,0,-0.15
2024-07-28,247,696588.81,2820.2,16,247,6.477732793522267,1,0.04
2024-07-29,346,1231167.96,3558.29,15,346,4.335260115606936,0,-0.22
2024-07-30,322,1109420.65,3445.41,12,322,3.7267080745341614,0,-0.22
2024-07-31,331,973514.24,2941.13,12,331,3.6253776435045317,0,-0.17
2024-08-01,342,1047298.58,3062.28,12,342,3.508771929824561,0,-0.2
2024-08-02,364,1275937.76,3505.32,15,363,4.1208791208791204,0,-0.22
2024-08-03,299,947552.1,3169.07,12,299,4.013377926421405,0,-0.19
2024-08-04,244,783015.51,3209.08,7,244,2.8688524590163933,0,-0.14
2024-08-05,356,1204197.01,3382.58,10,356,2.808988764044944,0,-0.21
2024-08-06,353,1112877.85,3152.63,9,353,2.54957507082153,0,-0.19
2024-08-07,304,934744.05,3074.82,10,304,3.289473684210526,0,-0.19
2024-08-08,356,1033086.06,2901.93,11,356,3.0898876404494384,0,-0.17
2024-08-09,351,1149668.17,3275.41,9,351,2.5641025641025643,0,-0.2
2024-08-10,258,868816.24,3367.5,8,258,3.10077519379845,0,-0.16
2024-08-11,256,1004526.42,3923.93,12,255,4.6875,0,-0.15
2024-08-12,359,1186179.2,3304.12,14,359,3.8997214484679668,0,-0.22
2024-08-13,326,1002456.11,3075.02,11,326,3.374233128834356,0,-0.2
2024-08-14,335,1145645.07,3419.84,13,335,3.8805970149253732,0,-0.22
2024-08-15,329,1005962.29,3057.64,15,329,4.5592705167173255,0,-0.17
2024-08-16,354,1121253.56,3167.38,18,354,5.084745762711864,0,-0.16
2024-08-17,287,939477.18,3273.44,11,287,3.832752613240418,0,-0.19
2024-08-18,251,930662.36,3707.82,5,251,1.9920318725099602,0,-0.13
2024-08-19,322,1083280.47,3364.23,12,322,3.7267080745341614,0,-0.22
2024-08-20,313,999681.69,3193.87,15,313,4.792332268370607,0,-0.18
2024-08-21,333,989422.91,2971.24,11,333,3.3033033033033035,0,-0.18
2024-08-22,334,1148547.34,3438.76,13,334,3.8922155688622753,0,-0.22
2024-08-23,332,1084446.2,3266.4,14,332,4.216867469879518,0,-0.21
2024-08-24,274,838442.62,3060.01,11,274,4.014598540145985,0,-0.15
2024-08-25,227,789798.93,3479.29,12,227,5.286343612334802,0,-0.07
2024-08-26,369,1081476.31,2930.83,12,369,3.252032520325203,0,-0.17
2024-08-27,318,988854.8,3109.61,15,318,4.716981132075472,0,-0.18
2024-08-28,330,1094595.61,3316.96,8,329,2.4242424242424243,0,-0.2
2024-08-29,336,1011752.5,3011.17,13,336,3.869047619047619,0,-0.18
2024-08-30,350,1064457.71,3041.31,13,350,3.7142857142857144,0,-0.19
2024-08-31,284,963971.35,3394.27,7,284,2.464788732394366,0,-0.18
2024-09-01,254,827588.58,3258.22,17,254,6.692913385826771,0,-0.02
2024-09-02,302,962752.93,3187.92,12,302,3.9735099337748343,0,-0.2
2024-09-03,336,1104407.72,3286.93,18,336,5.357142857142857,0,-0.15
2024-09-04,352,1095781.1,3113.01,11,352,3.125,0,-0.2
2024-09-05,353,1273768.29,3608.41,10,353,2.8328611898016995,0,-0.22
2024-09-06,366,1279058.54,3494.7,16,366,4.371584699453552,0,-0.21
2024-09-07,282,905471.35,3210.89,12,282,4.25531914893617,0,-0.17
2024-09-08,239,783207.58,3277.02,9,239,3.7656903765690375,0,-0.14
2024-09-09,342,1230194.7,3597.06,11,342,3.216374269005848,0,-0.22
2024-09-10,329,1069875.88,3251.9,7,329,2.127659574468085,0,-0.18
2024-09-11,338,988133.96,2923.47,11,338,3.2544378698224854,0,-0.17
2024-09-12,329,919483.85,2794.78,15,329,4.5592705167173255,0,-0.12
2024-09-13,363,1113787.78,3068.29,11,363,3.0303030303030303,0,-0.19
2024-09-14,283,903690.24,3193.25,12,283,4.240282685512367,0,-0.17
2024-09-15,236,685987.3,2906.73,10,236,4.237288135593221,0,-0.07
2024-09-16,348,979177.36,2813.73,14,348,4.022988505747127,0,-0.14
2024-09-17,351,1022811.18,2913.99,17,351,4.843304843304844,0,-0.13
2024-09-18,306,945642.05,3090.33,12,306,3.9215686274509802,0,-0.19
2024-09-19,335,976990.21,2916.39,14,335,4.17910447761194,0,-0.16
2024-09-20,380,1315865.19,3462.8,14,380,3.6842105263157894,0,-0.22
2024-09-21,271,882631.3,3256.94,10,270,3.690036900369004,0,-0.17
2024-09-22,245,740420.93,3022.13,7,245,2.857142857142857,0,-0.12
2024-09-23,337,980474.54,2909.42,11,336,3.264094955489614,0,-0.17
2024-09-24,305,939891.01,3081.61,10,305,3.278688524590164,0,-0.19
2024-09-25,351,934341.02,2661.94,13,350,3.7037037037037037,0,-0.12
2024-09-26,332,1037431.15,3124.79,6,332,1.8072289156626506,0,-0.14
2024-09-27,340,1139354.48,3351.04,15,340,4.411764705882353,0,-0.21
2024-09-28,289,760451.13,2631.32,9,289,3.114186851211073,0,-0.07
2024-09-29,267,737208.38,2761.08,11,267,4.119850187265918,0,-0.08
2024-09-30,360,1179679.41,3276.89,15,360,4.166666666666667,0,-0.21
2024-10-01,360,1175224.7,3264.51,17,360,4.722222222222222,0,-0.19
2024-10-02,396,1299479.37,3281.51,10,396,2.525252525252525,0,-0.18
2024-10-03,381,1248216.01,3276.16,10,381,2.6246719160104988,0,-0.19
2024-10-04,442,1403376.03,3175.06,15,442,3.3936651583710407,0,-0.12
2024-10-05,298,929788.38,3120.1,11,298,3.6912751677852347,0,-0.19
2024-10-06,270,698354.96,2586.5,6,270,2.2222222222222223,0,-0.02
2024-10-07,372,1229926.02,3306.25,14,372,3.763440860215054,0,-0.21
2024-10-08,371,1088816.26,2934.81,13,371,3.504043126684636,0,-0.17
2024-10-09,400,1271156.23,3177.89,18,400,4.5,0,-0.15
2024-10-10,348,1012017.96,2908.1,16,348,4.597701149425287,0,-0.15
2024-10-11,426,1399550.63,3285.33,17,426,3.9906103286384975,0,-0.16
2024-10-12,308,1008418.61,3274.09,12,308,3.896103896103896,0,-0.2
2024-10-13,287,908958.75,3167.1,13,287,4.529616724738676,0,-0.16
2024-10-14,378,1218969.97,3224.79,14,378,3.7037037037037037,0,-0.2
2024-10-15,377,1174131.64,3114.41,19,377,5.039787798408488,0,-0.14
2024-10-16,366,1036698.93,2832.51,9,366,2.459016393442623,0,-0.12
2024-10-17,362,1138421.4,3144.81,10,362,2.7624309392265194,0,-0.19
2024-10-18,410,1221389.26,2979.0,19,410,4.634146341463414,0,-0.12
2024-10-19,305,1093626.15,3585.66,10,305,3.278688524590164,0,-0.21
2024-10-20,280,823911.99,2942.54,11,280,3.9285714285714284,0,-0.13
2024-10-21,414,1415342.27,3418.7,11,414,2.657004830917874,0,-0.17
2024-10-22,368,1190159.8,3234.13,8,368,2.1739130434782608,0,-0.18
2024-10-23,376,1099489.66,2924.17,13,376,3.4574468085106385,0,-0.17
2024-10-24,386,1301100.37,3370.73,15,386,3.8860103626943006,0,-0.21
2024-10-25,401,1295946.23,3231.79,11,401,2.743142144638404,0,-0.18
2024-10-26,304,908156.52,2987.36,6,304,1.9736842105263157,0,-0.12
2024-10-27,300,1069944.13,3566.48,8,300,2.6666666666666665,0,-0.2
2024-10-28,389,1229609.23,3160.95,12,389,3.0848329048843186,0,-0.19
2024-10-29,396,1212686.46,3062.34,9,396,2.272727272727273,0,-0.14
2024-10-30,385,1197957.38,3111.58,12,385,3.116883116883117,0,-0.18
2024-10-31,412,1343142.71,3260.06,11,412,2.6699029126213594,0,-0.16
2024-11-01,393,1327490.04,3377.84,11,393,2.7989821882951653,0,-0.19
2024-11-02,288,899006.79,3121.55,5,288,1.7361111111111112,0,-0.11
2024-11-03,319,1097492.76,3440.42,8,319,2.5078369905956115,0,-0.21
2024-11-04,382,1212481.68,3174.04,15,382,3.926701570680628,0,-0.19
2024-11-05,429,1392565.58,3246.07,17,429,3.9627039627039626,0,-0.14
2024-11-06,326,986879.25,3027.24,10,326,3.067484662576687,0,-0.18
2024-11-07,345,1109197.46,3215.07,10,345,2.898550724637681,0,-0.21
2024-11-08,416,1457674.56,3504.03,20,416,4.8076923076923075,0,-0.14
2024-11-09,275,958825.72,3486.64,9,275,3.272727272727273,0,-0.2
2024-11-10,273,955820.2,3501.17,4,273,1.465201465201465,0,-0.1
2024-11-11,398,1594441.85,4006.14,11,398,2.763819095477387,0,-0.15
2024-11-12,163,1141640.21,7003.93,5,163,3.067484662576687,1,0.05
2024-11-13,371,1144674.58,3085.38,7,371,1.8867924528301887,0,-0.14
2024-11-14,355,1226260.88,3454.26,11,355,3.0985915492957745,0,-0.22
2024-11-15,415,1278469.48,3080.65,14,415,3.3734939759036147,0,-0.14
2024-11-16,139,781825.28,5624.64,7,139,5.0359712230215825,1,0.06
2024-11-17,298,1027999.17,3449.66,9,298,3.0201342281879193,0,-0.21
2024-11-18,377,1289025.43,3419.17,15,377,3.9787798408488064,0,-0.21
2024-11-19,379,1389882.01,3667.23,11,379,2.9023746701846966,0,-0.2
2024-11-20,360,1249349.72,3470.42,15,360,4.166666666666667,0,-0.22
2024-11-21,420,1262396.0,3005.7,13,419,3.0952380952380953,0,-0.13
2024-11-22,414,1320409.74,3189.4,19,414,4.5893719806763285,0,-0.14
2024-11-23,294,1044614.54,3553.11,8,293,2.7210884353741496,0,-0.2
2024-11-24,259,1005147.34,3880.88,6,259,2.3166023166023164,0,-0.15
2024-11-25,328,1069201.01,3259.76,14,328,4.2682926829268295,0,-0.2
2024-11-26,387,1323464.43,3419.8,16,386,4.134366925064599,0,-0.2
2024-11-27,381,1230062.54,3228.51,10,381,2.6246719160104988,0,-0.19
2024-11-28,407,1292104.34,3174.7,13,407,3.194103194103194,0,-0.17
2024-11-29,441,1436571.07,3257.53,14,441,3.1746031746031744,0,-0.13
2024-11-30,296,1071572.49,3620.18,12,296,4.054054054054054,0,-0.21
2024-12-01,300,900292.22,3000.97,12,300,4.0,0,-0.16
2024-12-02,422,1376593.76,3262.07,13,422,3.080568720379147,0,-0.16
2024-12-03,373,1229084.59,3295.13,15,373,4.021447721179625,0,-0.21
2024-12-04,367,1304008.48,3553.16,14,366,3.8147138964577656,0,-0.22
2024-12-05,390,1429070.97,3664.28,12,390,3.076923076923077,0,-0.2
2024-12-06,412,1366478.55,3316.7,15,412,3.6407766990291264,0,-0.18
2024-12-07,285,922455.81,3236.69,10,284,3.508771929824561,0,-0.19
2024-12-08,273,1093338.95,4004.9,13,273,4.761904761904762,0,-0.15
2024-12-09,367,1295502.66,3529.98,13,367,3.542234332425068,0,-0.22
2024-12-10,393,1332820.34,3391.4,16,392,4.071246819338422,0,-0.19
2024-12-11,367,1234854.24,3364.73,9,367,2.4523160762942777,0,-0.2
2024-12-12,390,1389702.0,3563.34,16,390,4.102564102564102,0,-0.2
2024-12-13,393,1344389.1,3420.84,11,393,2.7989821882951653,0,-0.2
2024-12-14,298,921320.65,3091.68,11,298,3.6912751677852347,0,-0.19
2024-12-15,285,979590.06,3437.16,11,285,3.8596491228070176,0,-0.2
2024-12-16,418,1397011.93,3342.13,10,418,2.3923444976076556,0,-0.15
2024-12-17,384,1447923.86,3770.64,13,384,3.3854166666666665,0,-0.19
2024-12-18,365,1222690.23,3349.84,19,365,5.205479452054795,0,-0.16
2024-12-19,391,1464370.47,3745.19,18,391,4.603580562659847,0,-0.18
2024-12-20,428,1491123.47,3483.93,13,428,3.0373831775700935,0,-0.16
2024-12-21,302,831473.95,2753.22,14,302,4.635761589403973,0,-0.09
2024-12-22,269,909364.08,3380.54,14,269,5.204460966542751,0,-0.13
2024-12-23,392,1344264.64,3429.25,19,392,4.846938775510204,0,-0.17
2024-12-24,393,1388441.69,3532.93,20,393,5.089058524173028,0,-0.15
2024-12-25,382,1457739.67,3816.07,17,382,4.450261780104712,0,-0.18
2024-12-26,387,1232138.54,3183.82,14,387,3.6175710594315245,0,-0.19
2024-12-27,438,1520479.1,3471.41,13,438,2.9680365296803655,0,-0.14
2024-12-28,313,995340.29,3180.0,8,313,2.5559105431309903,0,-0.19
2024-12-29,306,1043642.48,3410.6,13,306,4.248366013071895,0,-0.2
2024-12-30,401,1411568.71,3520.12,18,401,4.488778054862843,0,-0.18
2024-12-31,435,1466900.24,3372.18,10,435,2.2988505747126435,0,-0.11
2025-01-01,321,1045277.0,3256.31,7,321,2.1806853582554515,0,-0.18
2025-01-02,376,1511924.12,4021.07,7,376,1.8617021276595744,0,-0.11
2025-01-03,373,1238184.78,3319.53,11,373,2.9490616621983916,0,-0.21
2025-01-04,307,1181595.68,3848.85,9,307,2.9315960912052117,0,-0.2
2025-01-05,252,977949.06,3880.75,8,252,3.1746031746031744,0,-0.16
2025-01-06,362,1153450.37,3186.33,15,362,4.143646408839779,0,-0.2
2025-01-07,346,1090261.12,3151.04,14,346,4.046242774566474,0,-0.2
2025-01-08,368,1403820.77,3814.73,7,368,1.9021739130434783,0,-0.15
2025-01-09,363,1485969.23,4093.58,17,362,4.683195592286501,0,-0.15
2025-01-10,357,1349250.83,3779.41,15,357,4.201680672268908,0,-0.21
2025-01-11,278,914591.15,3289.9,12,278,4.316546762589928,0,-0.17
2025-01-12,275,934536.42,3398.31,12,275,4.363636363636363,0,-0.18
2025-01-13,339,1288883.46,3802.02,12,339,3.5398230088495577,0,-0.21
2025-01-14,347,1264088.52,3642.91,7,347,2.0172910662824206,0,-0.18
2025-01-15,345,1530238.88,4435.48,10,345,2.898550724637681,0,-0.11
2025-01-16,603,4689973.62,7777.73,25,603,4.1459369817578775,1,0.18
2025-01-17,368,1245400.56,3384.24,13,368,3.532608695652174,0,-0.22
2025-01-18,263,1032342.94,3925.26,12,263,4.562737642585551,0,-0.16
2025-01-19,261,1036911.14,3972.84,11,261,4.21455938697318,0,-0.17
2025-01-20,394,1385916.43,3517.55,16,394,4.060913705583756,0,-0.2
2025-01-21,315,1104201.84,3505.4,9,315,2.857142857142857,0,-0.21
2025-01-22,365,1277751.48,3500.69,15,365,4.109589041095891,0,-0.22
2025-01-23,329,1359606.88,4132.54,12,329,3.6474164133738602,0,-0.18
2025-01-24,377,1314021.57,3485.47,15,377,3.9787798408488064,0,-0.22
2025-01-25,273,1042300.58,3817.95,11,273,4.029304029304029,0,-0.18
2025-01-26,252,948427.23,3763.6,6,252,2.380952380952381,0,-0.14
2025-01-27,358,1266493.55,3537.69,9,357,2.5139664804469275,0,-0.21
2025-01-28,317,1158926.56,3655.92,9,317,2.8391167192429023,0,-0.21
2025-01-29,329,1163142.71,3535.39,13,329,3.951367781155015,0,-0.22
2025-01-30,372,1305166.45,3508.51,7,372,1.881720430107527,0,-0.17
2025-01-31,422,1779149.79,4215.99,24,422,5.687203791469194,0,-0.0
2025-02-01,264,896316.37,3395.14,2,264,0.7575757575757576,0,-0.04
2025-02-02,255,1054766.79,4136.34,16,255,6.2745098039215685,0,-0.03
2025-02-03,372,1428569.11,3840.24,20,372,5.376344086021505,0,-0.14
2025-02-04,346,1067433.79,3085.07,18,346,5.202312138728324,0,-0.14
2025-02-05,327,1079762.97,3302.03,14,327,4.281345565749236,0,-0.21
2025-02-06,370,1478375.56,3995.61,14,370,3.7837837837837838,0,-0.18
2025-02-07,391,1467429.17,3753.02,19,391,4.859335038363171,0,-0.16
2025-02-08,280,1038070.55,3707.39,18,280,6.428571428571429,0,-0.06
2025-02-09,266,978689.98,3679.29,12,266,4.511278195488722,0,-0.17
2025-02-10,325,1036268.85,3188.52,7,325,2.1538461538461537,0,-0.18
2025-02-11,316,1219683.86,3859.76,12,316,3.7974683544303796,0,-0.2
2025-02-12,363,1436372.48,3956.95,16,363,4.40771349862259,0,-0.18
2025-02-13,343,1362138.15,3971.25,7,343,2.0408163265306123,0,-0.15
2025-02-14,362,1462491.9,4040.03,11,362,3.0386740331491713,0,-0.18
2025-02-15,306,1215116.97,3970.97,13,306,4.248366013071895,0,-0.18
2025-02-16,246,1042068.29,4236.05,7,246,2.845528455284553,0,-0.12
2025-02-17,337,1370666.34,4067.26,12,337,3.5608308605341246,0,-0.18
2025-02-18,371,1472661.61,3969.44,10,371,2.6954177897574123,0,-0.18
2025-02-19,343,1218538.88,3552.59,7,343,2.0408163265306123,0,-0.19
2025-02-20,350,1186170.53,3389.06,10,350,2.857142857142857,0,-0.22
2025-02-21,374,1422531.67,3803.56,13,373,3.4759358288770055,0,-0.2
2025-02-22,286,1212774.78,4240.47,6,286,2.097902097902098,0,-0.11
2025-02-23,236,805717.65,3414.06,8,236,3.389830508474576,0,-0.14
2025-02-24,335,1270137.74,3791.46,12,335,3.582089552238806,0,-0.21
2025-02-25,288,1150466.75,3994.68,9,288,3.125,0,-0.18
2025-02-26,373,1332405.68,3572.13,13,373,3.485254691689008,0,-0.21
2025-02-27,355,1254380.15,3533.47,10,355,2.816901408450704,0,-0.22
2025-02-28,373,1306039.86,3501.45,14,373,3.753351206434316,0,-0.22
2025-03-01,305,1074633.91,3523.39,8,305,2.622950819672131,0,-0.2
2025-03-02,253,884329.72,3495.37,6,253,2.3715415019762847,0,-0.15
2025-03-03,385,1522121.4,3953.56,9,385,2.3376623376623376,0,-0.14
2025-03-04,304,1193367.9,3925.55,7,304,2.3026315789473686,0,-0.16
2025-03-05,360,1526503.57,4240.29,11,360,3.0555555555555554,0,-0.15
2025-03-06,364,1517369.43,4168.6,20,364,5.4945054945054945,0,-0.09
2025-03-07,375,1243659.17,3316.42,22,375,5.866666666666666,0,-0.11
2025-03-08,276,1020708.24,3698.22,11,276,3.9855072463768115,0,-0.19
2025-03-09,253,938293.48,3708.67,14,253,5.533596837944664,0,-0.1
2025-03-10,331,1197762.98,3618.62,18,331,5.438066465256798,0,-0.15
2025-03-11,341,1289355.73,3781.1,9,341,2.6392961876832843,0,-0.21
2025-03-12,333,1363441.39,4094.42,15,333,4.504504504504505,0,-0.16
2025-03-13,348,1180329.69,3391.75,8,348,2.2988505747126435,0,-0.19
2025-03-14,385,1450353.22,3767.15,17,385,4.415584415584416,0,-0.19
2025-03-15,326,1331280.8,4083.68,10,326,3.067484662576687,0,-0.19
2025-03-16,238,918798.59,3860.5,6,238,2.5210084033613445,0,-0.13
2025-03-17,375,1425327.35,3800.87,10,375,2.6666666666666665,0,-0.19
2025-03-18,344,1148762.44,3339.43,11,344,3.197674418604651,0,-0.22
2025-03-19,345,1290878.44,3741.68,16,345,4.63768115942029,0,-0.2
2025-03-20,339,1370678.18,4043.3,14,339,4.129793510324483,0,-0.18
2025-03-21,372,1297223.95,3487.16,14,372,3.763440860215054,0,-0.22
2025-03-22,283,970909.96,3430.78,10,282,3.5335689045936394,0,-0.2
2025-03-23,266,1056865.66,3973.18,8,266,3.007518796992481,0,-0.18
2025-03-24,384,1495692.37,3895.03,14,384,3.6458333333333335,0,-0.18
2025-03-25,355,1284035.42,3617.0,10,355,2.816901408450704,0,-0.21
2025-03-26,339,1196518.43,3529.55,12,339,3.5398230088495577,0,-0.22
2025-03-27,326,1161760.87,3563.68,13,326,3.9877300613496933,0,-0.22
2025-03-28,390,1458545.51,3739.86,16,390,4.102564102564102,0,-0.19
2025-03-29,297,1006618.17,3389.29,11,297,3.7037037037037037,0,-0.21
2025-03-30,248,1009316.58,4069.82,8,248,3.225806451612903,0,-0.15
2025-03-31,371,1382378.74,3726.09,15,371,4.0431266846361185,0,-0.21
2025-04-01,333,1296920.96,3894.66,7,333,2.1021021021021022,0,-0.17
2025-04-02,320,1224945.31,3827.95,13,320,4.0625,0,-0.2
2025-04-03,328,1275521.25,3888.78,14,328,4.2682926829268295,0,-0.2
2025-04-04,391,1527455.76,3906.54,21,391,5.370843989769821,0,-0.11
2025-04-05,273,1085544.64,3976.35,11,273,4.029304029304029,0,-0.18
2025-04-06,261,1043704.69,3998.87,14,261,5.363984674329502,0,-0.12
2025-04-07,719,6513455.11,9059.05,25,719,3.477051460361613,1,0.21
2025-04-08,358,1615798.23,4513.4,4,358,1.1173184357541899,1,0.02
2025-04-09,340,1224805.58,3602.37,6,340,1.7647058823529411,0,-0.16
2025-04-10,358,1205947.4,3368.57,14,358,3.910614525139665,0,-0.22
2025-04-11,419,1610875.46,3844.57,18,419,4.2959427207637235,0,-0.14
2025-04-12,280,1247704.11,4456.09,11,280,3.9285714285714284,0,-0.11
2025-04-13,256,894206.84,3493.0,5,256,1.953125,0,-0.13
2025-04-14,346,1203376.1,3477.97,11,346,3.179190751445087,0,-0.22
2025-04-15,379,1509608.76,3983.14,12,379,3.1662269129287597,0,-0.17
2025-04-16,359,1440053.42,4011.29,9,359,2.5069637883008355,0,-0.17
2025-04-17,367,1227558.11,3344.84,11,367,2.997275204359673,0,-0.21
2025-04-18,379,1427122.26,3765.49,13,379,3.430079155672823,0,-0.2
2025-04-19,297,1218671.01,4103.27,12,297,4.040404040404041,0,-0.17
2025-04-20,245,1068522.96,4361.32,7,245,2.857142857142857,0,-0.11
2025-04-21,351,1188207.6,3385.21,13,351,3.7037037037037037,0,-0.22
2025-04-22,368,1362998.08,3703.8,13,368,3.532608695652174,0,-0.21
2025-04-23,325,1344870.51,4138.06,9,325,2.769230769230769,0,-0.17
2025-04-24,343,1432231.02,4175.6,10,343,2.9154518950437316,0,-0.17
2025-04-25,404,1516340.09,3753.32,19,404,4.702970297029703,0,-0.15
2025-04-26,305,1068198.37,3502.29,9,305,2.9508196721311477,0,-0.21
2025-04-27,241,770059.86,3195.27,10,241,4.149377593360996,0,-0.13
2025-04-28,352,1389008.19,3946.05,9,351,2.5568181818181817,0,-0.18
2025-04-29,315,1137494.01,3611.09,14,315,4.444444444444445,0,-0.21
2025-04-30,363,1443511.54,3976.62,10,363,2.7548209366391183,0,-0.18
2025-05-01,379,1368145.57,3609.88,7,379,1.8469656992084433,0,-0.16
2025-05-02,355,1360394.63,3832.1,11,355,3.0985915492957745,0,-0.21
2025-05-03,272,1115006.88,4099.29,10,272,3.676470588235294,0,-0.16
2025-05-04,260,871031.64,3350.12,10,260,3.8461538461538463,0,-0.17
2025-05-05,367,1320502.86,3598.1,13,367,3.542234332425068,0,-0.22
2025-05-06,351,1174467.44,3346.06,13,351,3.7037037037037037,0,-0.22
2025-05-07,337,1272150.76,3774.93,15,337,4.451038575667655,0,-0.2
2025-05-08,156,325730.95,2088.02,3,156,1.9230769230769231,1,0.1
2025-05-09,393,1511201.46,3845.3,20,393,5.089058524173028,0,-0.13
2025-05-10,306,1105647.63,3613.23,14,306,4.57516339869281,0,-0.2
2025-05-11,275,981757.88,3570.03,7,275,2.5454545454545454,0,-0.18
2025-05-12,347,1403622.99,4045.02,13,347,3.7463976945244957,0,-0.19
2025-05-13,368,1530105.79,4157.9,17,368,4.619565217391305,0,-0.13
2025-05-14,374,1477320.72,3950.06,10,374,2.6737967914438503,0,-0.18
2025-05-15,379,1342678.74,3542.69,10,379,2.638522427440633,0,-0.2
2025-05-16,361,1558701.51,4317.73,17,361,4.7091412742382275,0,-0.1
2025-05-17,259,951804.91,3674.92,7,259,2.7027027027027026,0,-0.16
2025-05-18,272,1187063.13,4364.2,10,272,3.676470588235294,0,-0.12
2025-05-19,366,1668131.56,4557.74,9,366,2.459016393442623,0,-0.06
2025-05-20,330,1212353.28,3673.8,8,330,2.4242424242424243,0,-0.2
2025-05-21,371,1596424.19,4303.03,18,371,4.8517520215633425,0,-0.09
2025-05-22,356,1377687.87,3869.91,19,356,5.337078651685394,0,-0.14
2025-05-23,353,1526613.8,4324.68,12,353,3.3994334277620397,0,-0.13
2025-05-24,304,924899.23,3042.43,9,304,2.960526315789474,0,-0.18
2025-05-25,271,1040728.95,3840.33,9,271,3.321033210332103,0,-0.19
2025-05-26,372,1345135.34,3615.96,11,372,2.956989247311828,0,-0.21
2025-05-27,344,1294371.85,3762.71,9,343,2.616279069767442,0,-0.2
2025-05-28,331,1314779.92,3972.14,11,331,3.323262839879154,0,-0.2
2025-05-29,329,1286983.31,3911.8,12,329,3.6474164133738602,0,-0.2
2025-05-30,364,1325573.21,3641.68,9,364,2.4725274725274726,0,-0.2
2025-05-31,310,1339007.95,4319.38,10,310,3.225806451612903,0,-0.14
2025-06-01,266,1074973.52,4041.25,8,266,3.007518796992481,0,-0.17
2025-06-02,353,1480560.47,4194.22,9,353,2.54957507082153,0,-0.15
2025-06-03,333,1269843.12,3813.34,13,333,3.903903903903904,0,-0.21
2025-06-04,357,1333784.22,3736.09,16,357,4.481792717086835,0,-0.2
2025-06-05,369,1353903.18,3669.11,9,369,2.4390243902439024,0,-0.2
2025-06-06,775,6181752.31,7976.45,36,774,4.645161290322581,1,0.22
2025-06-07,303,1114760.66,3679.08,10,303,3.3003300330033003,0,-0.21
2025-06-08,223,935631.66,4195.66,9,223,4.0358744394618835,0,-0.08
2025-06-09,358,1367456.27,3819.71,12,357,3.35195530726257,0,-0.21
2025-06-10,348,1360631.43,3909.86,10,348,2.8735632183908044,0,-0.2
2025-06-11,369,1457572.9,3950.06,13,369,3.5230352303523036,0,-0.19
2025-06-12,349,1186163.86,3398.75,14,349,4.011461318051576,0,-0.22
2025-06-13,387,1401107.27,3620.43,13,387,3.359173126614987,0,-0.2
2025-06-14,296,1006632.81,3400.79,10,296,3.3783783783783785,0,-0.21
2025-06-15,229,908643.21,3967.87,5,229,2.183406113537118,0,-0.09
2025-06-16,342,1215660.45,3554.56,15,342,4.385964912280702,0,-0.22
2025-06-17,361,1316075.62,3645.64,20,361,5.54016620498615,0,-0.14
2025-06-18,376,1201982.38,3196.76,15,376,3.9893617021276597,0,-0.2
2025-06-19,355,1426646.34,4018.72,8,355,2.2535211267605635,0,-0.16
2025-06-20,346,1337544.67,3865.74,9,346,2.601156069364162,0,-0.2
2025-06-21,297,962683.05,3241.36,6,297,2.0202020202020203,0,-0.16
2025-06-22,268,1023668.67,3819.66,13,268,4.850746268656716,0,-0.16
2025-06-23,331,1244447.7,3759.66,8,331,2.416918429003021,0,-0.2
2025-06-24,701,4309765.5,6148.02,17,701,2.425106990014265,1,0.17
2025-06-25,326,1136258.27,3485.45,11,326,3.374233128834356,0,-0.22
2025-06-26,347,1173361.31,3381.44,13,347,3.7463976945244957,0,-0.22
2025-06-27,345,1259634.93,3651.12,10,345,2.898550724637681,0,-0.22
2025-06-28,281,1136785.44,4045.5,14,281,4.98220640569395,0,-0.14
2025-06-29,245,1002352.45,4091.23,11,245,4.489795918367347,0,-0.13
2025-06-30,395,1492692.62,3778.97,15,395,3.7974683544303796,0,-0.19
2025-07-01,326,1106503.97,3394.18,13,326,3.9877300613496933,0,-0.22
2025-07-02,357,1427451.13,3998.46,14,357,3.9215686274509802,0,-0.19
2025-07-03,380,1522990.68,4007.87,16,380,4.2105263157894735,0,-0.16
2025-07-04,408,1475112.44,3615.47,12,408,2.9411764705882355,0,-0.18
2025-07-05,289,861485.44,2980.92,5,289,1.7301038062283738,0,-0.09
2025-07-06,296,1124689.18,3799.63,9,296,3.0405405405405403,0,-0.2
2025-07-07,379,1370315.76,3615.61,8,379,2.1108179419525066,0,-0.18
2025-07-08,354,1459878.73,4123.95,11,354,3.1073446327683616,0,-0.18
2025-07-09,344,1191930.19,3464.91,15,344,4.3604651162790695,0,-0.22
2025-07-10,362,1393973.36,3850.76,16,362,4.419889502762431,0,-0.2
2025-07-11,377,1377039.08,3652.62,11,377,2.9177718832891246,0,-0.21
2025-07-12,269,1002056.5,3725.12,5,269,1.858736059479554,0,-0.14
2025-07-13,265,990637.85,3738.26,8,265,3.018867924528302,0,-0.18
2025-07-14,356,1180847.08,3316.99,16,356,4.49438202247191,0,-0.2
2025-07-15,362,1374317.92,3796.46,13,362,3.591160220994475,0,-0.21
2025-07-16,387,1371240.76,3543.26,18,386,4.651162790697675,0,-0.19
2025-07-17,349,1272725.9,3646.78,10,349,2.865329512893983,0,-0.22
2025-07-18,392,1407346.39,3590.17,16,392,4.081632653061225,0,-0.2
2025-07-19,303,1095970.95,3617.07,13,303,4.29042904290429,0,-0.21
2025-07-20,253,966573.28,3820.45,11,253,4.3478260869565215,0,-0.15
2025-07-21,355,1248262.22,3516.23,11,355,3.0985915492957745,0,-0.22
2025-07-22,334,1150284.36,3443.97,12,334,3.592814371257485,0,-0.22
2025-07-23,346,1289104.15,3725.73,6,346,1.7341040462427746,0,-0.16
2025-07-24,362,1336709.1,3692.57,21,362,5.801104972375691,0,-0.12
2025-07-25,374,1283176.92,3430.95,8,374,2.1390374331550803,0,-0.18
2025-07-26,326,1150805.29,3530.08,10,326,3.067484662576687,0,-0.22
2025-07-27,270,958785.28,3551.06,16,270,5.925925925925926,0,-0.11
2025-07-28,403,1530680.45,3798.21,11,403,2.729528535980149,0,-0.17
2025-07-29,389,1453462.58,3736.41,20,389,5.141388174807198,0,-0.14
2025-07-30,362,1176356.05,3249.6,15,362,4.143646408839779,0,-0.21
2025-07-31,382,1270723.51,3326.5,13,382,3.4031413612565444,0,-0.21
2025-08-01,387,1413724.22,3653.03,15,387,3.875968992248062,0,-0.2
2025-08-02,311,1048653.19,3371.88,15,311,4.823151125401929,0,-0.19
2025-08-03,284,1140669.07,4016.44,11,284,3.8732394366197185,0,-0.18
2025-08-04,366,1408929.11,3849.53,7,366,1.9125683060109289,0,-0.15
2025-08-05,335,1252109.0,3737.64,8,335,2.388059701492537,0,-0.2
2025-08-06,352,1243372.19,3532.31,10,352,2.840909090909091,0,-0.22
2025-08-07,383,1392905.06,3636.83,17,383,4.438642297650131,0,-0.19
2025-08-08,395,1558540.8,3945.67,19,395,4.810126582278481,0,-0.14
2025-08-09,289,981694.64,3396.87,11,289,3.8062283737024223,0,-0.2
2025-08-10,278,1054098.48,3791.72,8,278,2.8776978417266186,0,-0.19
2025-08-11,369,1355345.32,3673.02,10,369,2.710027100271003,0,-0.2
2025-08-12,349,1629629.82,4669.43,21,349,6.017191977077364,1,0.02
2025-08-13,327,1162022.04,3553.58,12,327,3.669724770642202,0,-0.22
2025-08-14,381,1304876.65,3424.87,15,381,3.937007874015748,0,-0.21
2025-08-15,379,1313327.17,3465.24,15,379,3.9577836411609497,0,-0.21
2025-08-16,294,1047230.24,3562.01,11,294,3.741496598639456,0,-0.21
2025-08-17,244,872084.56,3574.12,9,244,3.6885245901639343,0,-0.15
2025-08-18,357,1235741.39,3461.46,14,357,3.9215686274509802,0,-0.22
2025-08-19,358,1231470.4,3439.86,10,357,2.793296089385475,0,-0.21
2025-08-20,330,1019832.13,3090.4,17,329,5.151515151515151,0,-0.15
2025-08-21,352,1186752.46,3371.46,15,352,4.261363636363637,0,-0.21
2025-08-22,205,1422965.39,6941.29,3,205,1.4634146341463414,1,0.1
2025-08-23,267,922691.73,3455.77,13,267,4.868913857677903,0,-0.16
2025-08-24,284,952421.06,3353.6,10,284,3.5211267605633805,0,-0.2
2025-08-25,360,1301111.99,3614.2,12,359,3.3333333333333335,0,-0.22
2025-08-26,346,1257332.85,3633.91,9,346,2.601156069364162,0,-0.21
2025-08-27,375,1306765.46,3484.71,6,375,1.6,0,-0.14
2025-08-28,339,1288995.31,3802.35,15,338,4.424778761061947,0,-0.2
2025-08-29,424,1607594.63,3791.5,13,424,3.0660377358490565,0,-0.15
2025-08-30,292,1018775.11,3488.96,9,292,3.0821917808219177,0,-0.21
2025-08-31,254,869520.12,3423.31,9,254,3.543307086614173,0,-0.16
2025-09-01,334,1174904.06,3517.68,12,334,3.592814371257485,0,-0.22
2025-09-02,370,1288652.41,3482.84,16,370,4.324324324324325,0,-0.21
2025-09-03,394,1336261.44,3391.53,11,394,2.7918781725888326,0,-0.19
2025-09-04,379,1250752.73,3300.14,13,378,3.430079155672823,0,-0.21
2025-09-05,394,1363428.63,3460.48,13,394,3.299492385786802,0,-0.2
2025-09-06,296,999114.95,3375.39,5,296,1.6891891891891893,0,-0.14
2025-09-07,258,819278.68,3175.5,10,258,3.875968992248062,0,-0.15
2025-09-08,359,1304097.92,3632.58,12,359,3.3426183844011144,0,-0.22
2025-09-09,325,1225674.4,3771.31,15,325,4.615384615384615,0,-0.2
2025-09-10,352,1246255.23,3540.5,19,352,5.3977272727272725,0,-0.16
2025-09-11,368,1271470.63,3455.08,9,368,2.4456521739130435,0,-0.2
2025-09-12,370,1351082.72,3651.57,18,370,4.864864864864865,0,-0.19
2025-09-13,298,1181552.25,3964.94,17,298,5.704697986577181,0,-0.11
2025-09-14,227,1047635.28,4615.13,5,227,2.202643171806167,0,-0.04
2025-09-15,328,1119909.41,3414.36,12,328,3.658536585365854,0,-0.22
2025-09-16,362,1234727.38,3410.85,8,362,2.2099447513812156,0,-0.19
2025-09-17,357,1107335.89,3101.78,15,357,4.201680672268908,0,-0.19
2025-09-18,344,1336172.46,3884.22,12,344,3.488372093023256,0,-0.2
2025-09-19,400,1341284.75,3353.21,10,400,2.5,0,-0.18
2025-09-20,336,1423325.97,4236.09,11,336,3.2738095238095237,0,-0.16
2025-09-21,238,729869.38,3066.68,9,238,3.7815126050420167,0,-0.11
2025-09-22,362,1348296.2,3724.58,16,362,4.419889502762431,0,-0.21
2025-09-23,352,1254357.11,3563.51,17,352,4.829545454545454,0,-0.2
2025-09-24,358,1262607.26,3526.84,10,358,2.793296089385475,0,-0.21
2025-09-25,353,1189958.96,3370.99,11,353,3.1161473087818696,0,-0.22
2025-09-26,403,1349012.26,3347.42,6,403,1.488833746898263,0,-0.1
2025-09-27,284,1075081.15,3785.5,12,284,4.225352112676056,0,-0.19
2025-09-28,248,816652.79,3292.95,8,248,3.225806451612903,0,-0.15
2025-09-29,366,1496795.84,4089.61,13,366,3.551912568306011,0,-0.17
2025-09-30,360,1357682.98,3771.34,9,360,2.5,0,-0.2
2025-10-01,398,1371449.55,3445.85,11,398,2.763819095477387,0,-0.19
2025-10-02,368,1285012.56,3491.88,12,367,3.260869565217391,0,-0.22
2025-10-03,423,1556985.03,3680.82,14,423,3.309692671394799,0,-0.16
2025-10-04,333,1217447.59,3656.0,11,333,3.3033033033033035,0,-0.22
2025-10-05,295,1239672.08,4202.28,10,295,3.389830508474576,0,-0.16
2025-10-06,432,1629369.41,3771.69,19,432,4.398148148148148,0,-0.12
2025-10-07,421,1395163.95,3313.93,10,421,2.375296912114014,0,-0.14
2025-10-08,408,1466761.0,3595.0,19,408,4.6568627450980395,0,-0.16
2025-10-09,415,1456270.0,3509.08,19,415,4.578313253012048,0,-0.16
2025-10-10,452,1683537.42,3724.64,20,452,4.424778761061947,0,-0.08
2025-10-11,383,1219689.78,3184.57,13,383,3.3942558746736293,0,-0.19
2025-10-12,293,1064409.37,3632.8,14,293,4.778156996587031,0,-0.18
2025-10-13,412,1322432.31,3209.79,13,412,3.1553398058252426,0,-0.17
2025-10-14,402,1341248.03,3336.44,22,401,5.472636815920398,0,-0.11
2025-10-15,415,1507131.03,3631.64,15,415,3.6144578313253013,0,-0.17
2025-10-16,388,1467353.23,3781.84,8,388,2.0618556701030926,0,-0.15
2025-10-17,458,1611921.54,3519.48,15,458,3.2751091703056767,0,-0.1
2025-10-18,323,1220512.39,3778.68,12,323,3.7151702786377707,0,-0.21
2025-10-19,339,1211679.99,3574.28,10,339,2.949852507374631,0,-0.22
2025-10-20,392,1415675.89,3611.42,9,392,2.295918367346939,0,-0.17
2025-10-21,406,1341960.59,3305.32,14,406,3.4482758620689653,0,-0.18
2025-10-22,417,1492273.48,3578.59,16,416,3.8369304556354917,0,-0.17
2025-10-23,387,1559952.87,4030.89,11,387,2.842377260981912,0,-0.16
2025-10-24,441,1566378.94,3551.88,12,441,2.7210884353741496,0,-0.12
2025-10-25,323,1188016.34,3678.07,15,323,4.643962848297214,0,-0.21
2025-10-26,275,1065914.69,3876.05,10,275,3.6363636363636362,0,-0.18
2025-10-27,425,1633819.33,3844.28,21,425,4.9411764705882355,0,-0.09
2025-10-28,404,1509049.12,3735.27,12,404,2.9702970297029703,0,-0.18
2025-10-29,416,1217674.61,2927.1,11,416,2.644230769230769,0,-0.12
2025-10-30,406,1402423.41,3454.24,12,406,2.955665024630542,0,-0.19
2025-10-31,426,1535008.25,3603.31,14,426,3.2863849765258215,0,-0.16
2025-11-01,317,1319261.51,4161.71,11,317,3.470031545741325,0,-0.17
2025-11-02,293,1004610.04,3428.7,14,293,4.778156996587031,0,-0.18
2025-11-03,429,1796711.15,4188.14,11,429,2.5641025641025643,0,-0.05
2025-11-04,392,1412121.93,3602.35,9,392,2.295918367346939,0,-0.17
2025-11-05,398,1295859.34,3255.93,7,398,1.7587939698492463,0,-0.13
2025-11-06,402,1475617.73,3670.69,12,402,2.985074626865672,0,-0.19
2025-11-07,444,1627595.18,3665.75,17,444,3.828828828828829,0,-0.12
2025-11-08,343,1260333.8,3674.44,13,343,3.7900874635568513,0,-0.22
2025-11-09,326,1146838.22,3517.91,8,325,2.4539877300613497,0,-0.21
2025-11-10,411,1416507.96,3446.49,17,411,4.13625304136253,0,-0.17
2025-11-11,406,1405001.8,3460.6,15,406,3.6945812807881775,0,-0.19
2025-11-12,406,1380712.05,3400.77,7,406,1.7241379310344827,0,-0.12
2025-11-13,747,5126722.44,6863.08,35,746,4.685408299866131,1,0.19
2025-11-14,426,1524449.66,3578.52,20,426,4.694835680751174,0,-0.13
2025-11-15,361,1408777.72,3902.43,12,361,3.3240997229916895,0,-0.2
2025-11-16,289,1174170.92,4062.88,11,289,3.8062283737024223,0,-0.17
2025-11-17,400,1344082.3,3360.21,17,400,4.25,0,-0.18
2025-11-18,447,1504240.67,3365.19,14,447,3.131991051454139,0,-0.12
2025-11-19,406,1466577.15,3612.26,17,406,4.187192118226601,0,-0.17
2025-11-20,388,1375994.58,3546.38,6,388,1.5463917525773196,0,-0.12
2025-11-21,439,1642016.13,3740.36,18,439,4.100227790432802,0,-0.12
2025-11-22,347,1333042.23,3841.62,8,347,2.3054755043227666,0,-0.18
2025-11-23,281,967243.99,3442.15,10,281,3.5587188612099645,0,-0.2
2025-11-24,400,1388737.28,3471.84,12,400,3.0,0,-0.2
2025-11-25,382,1341462.56,3511.68,13,382,3.4031413612565444,0,-0.21
2025-11-26,424,1586278.35,3741.22,16,424,3.7735849056603774,0,-0.15
2025-11-27,396,1435893.19,3625.99,8,396,2.0202020202020203,0,-0.16
2025-11-28,441,1863974.52,4226.7,19,441,4.308390022675737,0,-0.03
2025-11-29,354,1390274.28,3927.33,11,354,3.1073446327683616,0,-0.2
2025-11-30,294,1196439.49,4069.52,6,294,2.0408163265306123,0,-0.13
2025-12-01,174,298090.45,1713.16,6,174,3.4482758620689653,1,0.09
2025-12-02,354,1245468.68,3518.27,15,354,4.237288135593221,0,-0.22
2025-12-03,405,1517741.89,3747.51,11,405,2.7160493827160495,0,-0.17
2025-12-04,378,1295409.33,3427.01,18,377,4.761904761904762,0,-0.19
2025-12-05,462,1760907.08,3811.49,14,462,3.0303030303030303,0,-0.07
2025-12-06,320,1311455.48,4098.3,7,320,2.1875,0,-0.15
2025-12-07,296,1036445.76,3501.51,7,296,2.364864864864865,0,-0.18
2025-12-08,441,1720355.39,3901.03,14,441,3.1746031746031744,0,-0.1
2025-12-09,403,1480126.77,3672.77,18,402,4.4665012406947895,0,-0.17
2025-12-10,440,1850085.89,4204.74,26,440,5.909090909090909,1,0.03
2025-12-11,426,1556150.23,3652.93,12,426,2.816901408450704,0,-0.15
2025-12-12,414,1598707.01,3861.61,10,414,2.4154589371980677,0,-0.13
2025-12-13,321,1289193.88,4016.18,13,321,4.049844236760125,0,-0.19
2025-12-14,299,1046904.29,3501.35,11,299,3.678929765886288,0,-0.21
2025-12-15,436,1732788.84,3974.29,13,436,2.981651376146789,0,-0.1
2025-12-16,395,1447488.63,3664.53,12,394,3.037974683544304,0,-0.2
2025-12-17,399,1558135.94,3905.1,14,399,3.508771929824561,0,-0.16
2025-12-18,436,1819275.71,4172.65,14,436,3.2110091743119265,0,-0.06
2025-12-19,388,1514903.68,3904.39,15,388,3.865979381443299,0,-0.17
2025-12-20,347,1310487.82,3776.62,17,347,4.899135446685879,0,-0.18
2025-12-21,285,918471.04,3222.71,17,285,5.964912280701754,0,-0.09
2025-12-22,441,1644875.53,3729.88,14,441,3.1746031746031744,0,-0.13
2025-12-23,392,1455356.35,3712.64,14,392,3.5714285714285716,0,-0.19
2025-12-24,431,1728856.71,4011.27,17,431,3.9443155452436196,0,-0.09
2025-12-25,420,1582168.57,3767.07,17,420,4.0476190476190474,0,-0.15
2025-12-26,420,1537772.9,3661.36,13,420,3.0952380952380953,0,-0.17
2025-12-27,377,1790781.71,4750.08,12,377,3.183023872679045,0,-0.04
2025-12-28,298,1079996.31,3624.15,12,298,4.026845637583893,0,-0.21
2025-12-29,419,1594591.16,3805.71,8,419,1.909307875894988,0,-0.1
2025-12-30,431,1617881.43,3753.79,13,431,3.0162412993039442,0,-0.14
2025-12-31,393,1746682.61,4444.49,10,393,2.544529262086514,0,-0.06
